Date,Lat,Lon,Temp,Humidity,Pressure,Rain,Decay_Risk
2025-10-04 15:50:30.300209,11.219658078656108,77.70338058471681,24.63,86,1013,0,Medium
2025-10-04 15:51:30.895556,11.216963975484648,77.66372144222261,24.61,85,1013,0,Medium
2025-10-04 15:52:00.541342,11.227077256314727,77.65621662139894,24.51,85,1013,0,Medium
2025-10-06 03:16:28.631304,12.72522091026717,80.18895685672761,30.15,59,1011,0,Medium
2025-10-06 03:16:35.808872,12.72522091026717,80.18895685672761,30.15,59,1011,0,Medium
2025-10-06 03:21:12.945933,10.717791376397528,79.10739898681642,28.57,66,1012,0,Medium
2025-10-17 15:37:43.857702,-1.9332268264771104,79.18945312500001,28.07,82,1009,0,Medium
2025-10-17 15:39:18.000073,12.345368032463298,77.80929565429689,18.88,96,1011,0,Medium
2025-10-17 15:39:24.735947,12.345368032463298,77.80929565429689,18.88,96,1011,0,Medium
